{"inputUnits":[3],"outputUnits":3,"inputs":{"0":{"dtype":"number","min":0.22236856818199158,"max":0.6149790287017822},"1":{"dtype":"number","min":0.40696313977241516,"max":0.8858914375305176},"2":{"dtype":"number","min":0.12438452243804932,"max":0.9244372844696045}},"outputs":{"label":{"dtype":"string","min":0,"max":1,"uniqueValues":["up","down","other"],"legend":{"up":[1,0,0],"down":[0,1,0],"other":[0,0,1]}}},"isNormalized":true}