{"inputUnits":[3],"outputUnits":2,"inputs":{"0":{"dtype":"number","min":0.25645995140075684,"max":0.33023908734321594},"1":{"dtype":"number","min":0.46447107195854187,"max":0.5650004744529724},"2":{"dtype":"number","min":0.16273164749145508,"max":0.7957270741462708}},"outputs":{"label":{"dtype":"string","min":0,"max":1,"uniqueValues":["up","down"],"legend":{"up":[1,0],"down":[0,1]}}},"isNormalized":true}